t,x,y,z
1735187277.671097,-0.18748423,0.0011922366,0.01789693
1735187277.70441,-0.1873022,0.0010467616,0.017254267
1735187277.7377129,-0.18776606,0.0015375525,0.017366262
1735187277.7710428,-0.1877451,0.0013656976,0.016868263
1735187277.804471,-0.18735716,0.0010668341,0.016500285
1735187277.837796,-0.18708709,0.0010907603,0.017123714
1735187277.8710852,-0.18755692,0.0013484852,0.017028997
1735187277.9044151,-0.1880974,0.000814176,0.016846739
1735187277.937873,-0.18807134,0.00056438905,0.01683203
1735187277.982295,-0.1881144,0.0010367219,0.017001998
1735187278.015791,-0.18803614,0.0011320442,0.01702929
1735187278.049447,-0.18793084,0.00095849484,0.016384883
1735187278.084012,-0.1877808,0.0008232015,0.016956955
1735187278.115761,-0.18790898,0.00085119955,0.016587464
1735187278.1494231,-0.1877101,0.0012152056,0.01681882
1735187278.182578,-0.18790871,0.0015462352,0.01727035
1735187278.215624,-0.18797548,0.0010221732,0.01602874
1735187278.2491422,-0.18836617,0.0005217192,0.01637383
1735187278.282318,-0.18845876,0.00047217304,0.016454637
1735187278.293414,-0.18852657,0.00048600143,0.016512835
1735187278.304662,-0.18857479,0.0005555354,0.016550492
1735187278.315697,-0.18861783,0.00059153594,0.016517684
1735187278.32671,-0.18864836,0.0006398315,0.016439991
1735187278.337992,-0.18866621,0.00070009107,0.016317226
1735187278.349063,-0.18865632,0.00085577427,0.016338792
1735187278.360112,-0.1886272,0.001060277,0.016397858
1735187278.371128,-0.18857789,0.0013089881,0.016499277
1735187278.3823462,-0.18850055,0.0013561947,0.01661641
1735187278.393509,-0.18839926,0.0013281052,0.016762245
1735187278.404409,-0.18827596,0.0012267584,0.016923713
1735187278.415851,-0.18816076,0.0010079348,0.016898962
1735187278.4266791,-0.1880381,0.00069536816,0.016789863
1735187278.437891,-0.18790749,0.0002891921,0.016596772
1735187278.449111,-0.18791218,0.00035558591,0.016690388
1735187278.459918,-0.18797213,0.00057592883,0.016868528
1735187278.471062,-0.18808348,0.0009548804,0.017131012
1735187278.482182,-0.18802123,0.0010161703,0.017274259
1735187278.4933028,-0.18790102,0.0010036088,0.017401692
1735187278.504455,-0.18772951,0.00092437916,0.017510634
1735187278.515806,-0.18768537,0.0009716751,0.017548984
1735187278.526802,-0.18767746,0.0010462856,0.017543375
1735187278.545282,-0.18770583,0.0011486557,0.017493822
1735187278.560511,-0.18771861,0.0012793681,0.01739369
1735187278.560581,-0.18774444,0.001439557,0.017247554
1735187278.57123,-0.18778148,0.0016281459,0.017054318
1735187278.582281,-0.18799327,0.0015912057,0.017047731
1735187278.593277,-0.1882896,0.0014690009,0.017098928
1735187278.6044111,-0.1886635,0.001255875,0.01720787
1735187278.615632,-0.18874599,0.0010734841,0.017117282
1735187278.629343,-0.18872523,0.0008593393,0.016958399
1735187278.637846,-0.18860072,0.0006140819,0.016731448
1735187278.64909,-0.18856664,0.00052935316,0.016577004
1735187278.660122,-0.18851575,0.0004978826,0.016418995
1735187278.671168,-0.18845388,0.0005264031,0.016260324
1735187278.6822371,-0.18845105,0.0004644693,0.016451143
1735187278.693368,-0.18846817,0.00039145377,0.016797483
1735187278.704384,-0.1885061,0.000305862,0.017309966
1735187278.715622,-0.18846607,0.00030273246,0.017446728
1735187278.726757,-0.18840268,0.00032821324,0.017502978
1735187278.737783,-0.1883136,0.0003859102,0.017465264
1735187278.748935,-0.18828176,0.00047925636,0.01748669
1735187278.760061,-0.1882618,0.0006060515,0.017483443
1735187278.772098,-0.18825284,0.000763297,0.017464094
1735187278.782478,-0.18814762,0.00087377446,0.017584624
1735187278.793617,-0.18800072,0.0009764581,0.017764855
1735187278.804594,-0.18781205,0.0010716025,0.018004568
1735187278.815854,-0.18782622,0.0010426195,0.018013176
1735187278.826754,-0.18790941,0.00095269084,0.017952321
1735187278.837764,-0.18806784,0.0007989256,0.017812384
1735187278.8489962,-0.18813623,0.0007773693,0.0177719
1735187278.860225,-0.18820533,0.00078172004,0.017732274
1735187278.871247,-0.18827105,0.00081501924,0.017695885
1735187278.8823771,-0.1883442,0.00076195586,0.017569907
1735187278.893363,-0.1884192,0.000682056,0.017400917
1735187278.904613,-0.1884953,0.00057898473,0.017195147
1735187278.915982,-0.1885562,0.0005693735,0.017190682
1735187278.926766,-0.18861043,0.0005938858,0.017266486
1735187278.937834,-0.18865798,0.0006525662,0.017422661
1735187278.948961,-0.18866126,0.0005830282,0.017389322
1735187278.960163,-0.18864116,0.00047596334,0.017312143
1735187278.971091,-0.18859766,0.00033326467,0.017188624
1735187278.982196,-0.18858165,0.00043547162,0.017168477
1735187278.993296,-0.1885672,0.0006395727,0.017175047
1735187279.00458,-0.18855426,0.00094543427,0.01720835
1735187279.015544,-0.18854731,0.00089707953,0.017161144
1735187279.026682,-0.18854396,0.00074306136,0.01709561
1735187279.03786,-0.18854386,0.00047229137,0.017006617
1735187279.049056,-0.18850762,0.00037775974,0.017009392
1735187279.0599852,-0.18845686,0.00030022787,0.017040947
1735187279.071132,-0.18839069,0.00024653933,0.017104253
1735187279.082212,-0.18835303,0.0002766845,0.017100798
1735187279.093456,-0.18832007,0.00035783584,0.017084334
1735187279.1045542,-0.18828906,0.0004879695,0.017053159
1735187279.115767,-0.1881205,0.00050096243,0.017019954
1735187279.12658,-0.18788539,0.00048165076,0.016978456
1735187279.137934,-0.18758334,0.00042985467,0.016928786
1735187279.148885,-0.18745169,0.00047226256,0.016989172
1735187279.160013,-0.18736066,0.00053843873,0.017094875
1735187279.171272,-0.18731615,0.0006325549,0.017248861
1735187279.1825562,-0.18737587,0.0006621925,0.017212717
1735187279.1936378,-0.18750829,0.0006778541,0.01711681
1735187279.204753,-0.18771522,0.0006771984,0.016954422
1735187279.216079,-0.18783687,0.0006897301,0.016913377
1735187279.227056,-0.1879608,0.0007004592,0.016891178
1735187279.238312,-0.18808264,0.0007092502,0.016892971
1735187279.249567,-0.18806246,0.00069034577,0.01696978
1735187279.260674,-0.18797667,0.0006591134,0.017093463
1735187279.271697,-0.18782146,0.00061382866,0.017265169
1735187279.2828488,-0.18780193,0.000589758,0.017238112
1735187279.293956,-0.18780601,0.0005695956,0.017146707
1735187279.304998,-0.18783909,0.000552803,0.01698497
1735187279.316125,-0.1876507,0.00065604295,0.017061912
1735187279.328301,-0.18737741,0.0008201947,0.017206578
1735187279.338049,-0.18701297,0.0010449798,0.017427161
1735187279.349554,-0.18694007,0.0010881561,0.017426793
1735187279.3607268,-0.1869496,0.0010830614,0.017366596
1735187279.3717651,-0.18705134,0.0010229343,0.017240133
1735187279.382856,-0.18700826,0.0011083327,0.017317912
1735187279.393964,-0.18694961,0.0012277068,0.017453039
1735187279.405087,-0.18686931,0.0013872238,0.017651735
1735187279.41606,-0.18683824,0.0013354765,0.017615674
1735187279.427222,-0.18681774,0.0012111418,0.01750719
1735187279.438359,-0.18680915,0.0010070849,0.017319027
1735187279.450032,-0.18679123,0.0011317327,0.017510615
1735187279.4606528,-0.1867748,0.0013634765,0.017830046
1735187279.471745,-0.18675847,0.0017123269,0.018289253
1735187279.482911,-0.18681066,0.0017487712,0.018245803
1735187279.4934878,-0.18689488,0.0017090586,0.018048784
1735187279.505465,-0.18701205,0.0015810868,0.0176827
1735187279.5158648,-0.18714821,0.0016068814,0.017653165
1735187279.526828,-0.1873113,0.001653536,0.01768475
1735187279.538079,-0.18750112,0.0017280718,0.017790437
1735187279.549299,-0.18759784,0.0016983154,0.017733155
1735187279.560271,-0.18766668,0.0016359536,0.017642437
1735187279.571226,-0.18770465,0.0015379183,0.017512089
1735187279.58242,-0.18766356,0.001529097,0.017561369
1735187279.593567,-0.18756999,0.0015416292,0.017670123
1735187279.6045918,-0.1874225,0.0015786433,0.017844014
1735187279.6159558,-0.1873908,0.0015884687,0.017994443
1735187279.626886,-0.18738204,0.0015995546,0.0181704
1735187279.6378531,-0.18740061,0.0016104927,0.01836901
1735187279.6490688,-0.18734328,0.0016678033,0.018503053
1735187279.660229,-0.18726638,0.0017446027,0.018618397
1735187279.6713362,-0.18716742,0.0018432933,0.018714232
1735187279.682451,-0.18709745,0.0018856971,0.018807743
1735187279.693523,-0.18702865,0.0019166315,0.018887425
1735187279.704525,-0.18696246,0.0019316372,0.018955493
1735187279.716037,-0.18707351,0.0018382064,0.01889048
1735187279.726863,-0.18726636,0.0016895687,0.018757744
1735187279.7378922,-0.18754564,0.0014825313,0.018554084
1735187279.749137,-0.18759084,0.0012704926,0.018236667
1735187279.760649,-0.1875764,0.0010308223,0.017825883
1735187279.771205,-0.18749315,0.00075956155,0.017324015
1735187279.782659,-0.18749583,0.00076053996,0.017333154
1735187279.79351,-0.18746063,0.00061419595,0.017040936
1735187279.8045158,-0.18741481,0.00051257067,0.016805736
1735187279.815932,-0.18736088,0.0004557371,0.016631272
1735187279.826793,-0.1873724,0.00046679343,0.016617807
1735187279.837867,-0.18741198,0.0005341618,0.016713921
1735187279.849022,-0.18747813,0.0006544186,0.016916726
1735187279.860178,-0.18751147,0.0006142596,0.017137919
1735187279.8712049,-0.1875422,0.0005225886,0.017422758
1735187279.882392,-0.18757187,0.0003913195,0.017760213
1735187279.8935142,-0.1876898,0.0003740639,0.017679334
1735187279.904491,-0.1878509,0.00039397177,0.017419962
1735187279.915983,-0.1880502,0.00045627353,0.016994428
1735187279.926875,-0.18810542,0.0005095154,0.01683686
1735187279.937882,-0.18810941,0.0005820845,0.016726926
1735187279.949075,-0.18806235,0.0006697035,0.01666401
1735187279.960135,-0.18798092,0.00071424234,0.016601548
1735187279.971169,-0.1878567,0.0007443127,0.016562877
1735187279.982569,-0.18769315,0.000758901,0.016548665
1735187279.993449,-0.18761499,0.00073842733,0.01662509
1735187280.0087562,-0.18755883,0.00069290324,0.016758012
1735187280.015631,-0.18752663,0.00062547106,0.01694335
1735187280.026808,-0.18760508,0.00062249077,0.016989924
1735187280.037915,-0.18775022,0.0006401343,0.01699528
1735187280.04914,-0.1879571,0.00067899085,0.016960049
1735187280.0601869,-0.18803157,0.00070134376,0.016884875
1735187280.071245,-0.18807216,0.00072663045,0.016769296
1735187280.082422,-0.18808016,0.00075446605,0.016617639
1735187280.093518,-0.18810031,0.000746434,0.016576689
1735187280.1045508,-0.18810995,0.0007221149,0.0165721
1735187280.116087,-0.18811116,0.0006808642,0.01660055
1735187280.1270308,-0.18819056,0.00062096014,0.016525833
1735187280.137936,-0.18830422,0.0005430434,0.016417084
1735187280.149104,-0.18844707,0.00044938968,0.016279189
1735187280.160056,-0.18842548,0.00041750027,0.016318765
1735187280.171081,-0.18833804,0.00040799292,0.016430993
1735187280.182262,-0.18818745,0.00041897583,0.016610917
1735187280.1967812,-0.18809639,0.00038105223,0.016657678
1735187280.2045388,-0.18800259,0.0003294794,0.016673412
1735187280.215653,-0.18790708,0.00026712837,0.016660865
1735187280.22673,-0.18785718,0.00029958345,0.016734868
1735187280.23778,-0.18782909,0.0003736262,0.016836999
1735187280.248914,-0.18782142,0.00048696497,0.016964072
1735187280.2600331,-0.18778586,0.0005347981,0.016989859
1735187280.271054,-0.18774714,0.0005702778,0.0169785
1735187280.2821388,-0.18770489,0.0005922068,0.01692882
1735187280.2932482,-0.18764417,0.0005221416,0.016803626
1735187280.3043032,-0.18749155,0.00023552764,0.016394041
1735187280.315554,-0.18749776,0.00036355917,0.016566752
1735187280.326846,-0.18754137,0.000614151,0.01691308
1735187280.337692,-0.18761812,0.0009775949,0.0174174
1735187280.3488832,-0.18759608,0.00092278945,0.017474357
1735187280.359993,-0.18754303,0.000720208,0.017390851
1735187280.371045,-0.18745826,0.00036988183,0.01716748
1735187280.382286,-0.18735911,0.00047658887,0.017259391
1735187280.393644,-0.18723598,0.0007103437,0.0174211
1735187280.404347,-0.18708849,0.0010859565,0.017662382
1735187280.415479,-0.18701996,0.0011738233,0.017701052
1735187280.426583,-0.18697494,0.0012091697,0.017687645
1735187280.437684,-0.18695642,0.0011808127,0.017621458
1735187280.449489,-0.18699071,0.0011352747,0.017577257
1735187280.460206,-0.18706445,0.0010485952,0.017517444
1735187280.471372,-0.18717761,0.00092050416,0.017441694
1735187280.482255,-0.18716899,0.00088635046,0.017423147
1735187280.493236,-0.187126,0.0008729991,0.017422346
1735187280.504312,-0.18704513,0.00088356365,0.017440856
1735187280.515723,-0.187058,0.0009218805,0.017433854
1735187280.5268068,-0.18709342,0.0009856875,0.017426074
1735187280.537976,-0.18715411,0.0010753028,0.017416362
1735187280.548792,-0.18715681,0.0010496926,0.017461233
1735187280.559935,-0.18714678,0.0009847839,0.017529897
1735187280.571239,-0.18712337,0.00087953656,0.017618563
1735187280.582528,-0.18714643,0.0007709372,0.017559856
1735187280.593274,-0.18718576,0.00064004504,0.017438263
1735187280.604346,-0.1872419,0.0004868166,0.01725378
1735187280.6159,-0.18721446,0.00044950884,0.017291043
1735187280.626648,-0.18715768,0.00045751006,0.017394662
1735187280.6377091,-0.18706919,0.0005108714,0.017571991
1735187280.6488929,-0.18707329,0.00058051944,0.017725207
1735187280.660219,-0.187103,0.00068770256,0.017903265
1735187280.671052,-0.1871612,0.00082762603,0.018107442
1735187280.682368,-0.18720067,0.00084405125,0.018066972
1735187280.693326,-0.18724683,0.0008223259,0.017927736
1735187280.70436,-0.18729861,0.00075845874,0.017683867
1735187280.715816,-0.18740436,0.0008256183,0.017593594
1735187280.726716,-0.18753792,0.0009285715,0.017517205
1735187280.737714,-0.18770027,0.001072546,0.01746056
1735187280.748901,-0.18771645,0.0011293439,0.017605213
1735187280.75998,-0.18768126,0.0011661497,0.017853681
1735187280.7709951,-0.18759076,0.0011816015,0.018209353
1735187280.78238,-0.18759677,0.0010728581,0.0181421
1735187280.793422,-0.18761659,0.00088873954,0.017942172
1735187280.804386,-0.18765306,0.000632351,0.01759513
1735187280.8155189,-0.1876211,0.0005587643,0.017561411
1735187280.826616,-0.18756719,0.0005289324,0.017591923
1735187280.837662,-0.18749191,0.00054595317,0.017694084
1735187280.849011,-0.18750754,0.0005284148,0.01773588
1735187280.8602328,-0.18755697,0.00051758165,0.01778441
1735187280.8711882,-0.18764023,0.00051334983,0.017839618
1735187280.882409,-0.18768094,0.0005105941,0.017699959
1735187280.893547,-0.18772028,0.0005126942,0.017474653
1735187280.904515,-0.18775602,0.00051965355,0.017159076
1735187280.915738,-0.18793851,0.0005196482,0.01715171
1735187280.926716,-0.18818663,0.000513643,0.01723802
1735187280.9379668,-0.18850388,0.0005060585,0.01742649
1735187280.949118,-0.18856601,0.0005397106,0.01739029
1735187280.960151,-0.18854809,0.00058402657,0.017309321
1735187280.971383,-0.188443,0.0006446894,0.017173504
1735187280.982584,-0.18851256,0.0007095228,0.01728198
1735187280.993534,-0.1886151,0.0007932079,0.017469585
1735187281.004753,-0.18875629,0.00088944053,0.017746408
1735187281.015738,-0.1888527,0.0009600824,0.017806474
1735187281.0271358,-0.18894975,0.0010287467,0.017813887
1735187281.0378752,-0.18904547,0.0010926272,0.017762613
1735187281.049449,-0.18895157,0.0010227615,0.017755626
1735187281.060847,-0.18877022,0.00089164515,0.017736074
1735187281.07159,-0.18849792,0.0006963954,0.017708223
1735187281.0828872,-0.18850847,0.0006155516,0.017737921
1735187281.093463,-0.18859857,0.00055356283,0.017787362
1735187281.10468,-0.18877697,0.00051261514,0.01785949
1735187281.115933,-0.18863474,0.00059455144,0.018004028
1735187281.127058,-0.18839332,0.0007450233,0.018193133
1735187281.137834,-0.18804297,0.00096575345,0.01842823
1735187281.1490722,-0.18799867,0.00092204456,0.018384445
1735187281.160207,-0.18803546,0.00079536886,0.018238142
1735187281.1711478,-0.18816255,0.00057766336,0.017981624
1735187281.182353,-0.18808217,0.0005793469,0.018072521
1735187281.193448,-0.18795535,0.00063261884,0.018263308
1735187281.204459,-0.1877754,0.0007443328,0.018563759
1735187281.215857,-0.18778877,0.00076845824,0.018366154
1735187281.226831,-0.18786149,0.0007824943,0.01799999
1735187281.237836,-0.1879981,0.000783433,0.01745079
1735187281.249127,-0.18809678,0.00078365125,0.017480282
1735187281.260263,-0.1882134,0.0007777955,0.01767603
1735187281.271193,-0.18834478,0.0007651443,0.018056061
1735187281.282438,-0.18843113,0.00077310234,0.018118108
1735187281.293586,-0.18850522,0.0007893143,0.018134413
1735187281.304596,-0.1885656,0.00081266544,0.018093258
1735187281.315928,-0.18871199,0.00084240694,0.017981827
1735187281.327156,-0.1888906,0.0008786469,0.017808814
1735187281.337915,-0.18910486,0.0009215326,0.017573295
1735187281.3491669,-0.18922694,0.0009243191,0.017414486
1735187281.3603392,-0.18932536,0.0009107598,0.017256927
1735187281.371242,-0.18939687,0.00088089757,0.017103257
1735187281.383338,-0.1894563,0.00084080815,0.017147895
1735187281.393605,-0.18949558,0.00078498764,0.017286053
1735187281.4045691,-0.18951502,0.0007151312,0.017521957
1735187281.415895,-0.18946116,0.0005841152,0.017513044
1735187281.42701,-0.18936306,0.00041854806,0.017444123
1735187281.4379358,-0.18921913,0.00021686112,0.017308077
1735187281.449061,-0.18915865,0.0002816759,0.017367063
1735187281.460286,-0.18911126,0.0004487932,0.017478539
1735187281.4712682,-0.18907973,0.0007251203,0.017648965
1735187281.482462,-0.1891334,0.00074457587,0.017743163
1735187281.493516,-0.18923524,0.0007063406,0.017833259
1735187281.50459,-0.18938655,0.0006016296,0.017917106
1735187281.515936,-0.18938303,0.0005969902,0.017911892
1735187281.5273972,-0.18943791,0.0004518824,0.0177063
1735187281.538035,-0.18946981,0.00025153684,0.017355103
1735187281.549183,-0.18947372,-9.953845e-06,0.016876187
1735187281.560676,-0.18930928,-0.0001454651,0.016732931
1735187281.571285,-0.18904878,-0.00025236674,0.016693143
1735187281.582438,-0.18869977,-0.0003305223,0.016760401
1735187281.593545,-0.18857181,-0.00017961816,0.01691082
1735187281.604572,-0.18850647,9.721506e-05,0.017156003
1735187281.6159291,-0.1885002,0.00049507647,0.017481387
1735187281.626902,-0.18842284,0.00056034286,0.017528862
1735187281.638001,-0.18834127,0.00052554853,0.017478434
1735187281.649107,-0.18825853,0.0003953432,0.017337117
1735187281.660269,-0.1882964,0.0004378851,0.017379789
1735187281.671331,-0.18839289,0.0005162052,0.01746738
1735187281.6824288,-0.1885438,0.0006352066,0.017596273
1735187281.6935349,-0.18855341,0.0008494409,0.017785903
1735187281.704639,-0.18852052,0.0011320409,0.018025063
1735187281.715883,-0.18845062,0.0014701831,0.018304236
1735187281.726933,-0.18858118,0.0013885099,0.018192228
1735187281.737949,-0.1887918,0.0011278887,0.0179084
1735187281.749136,-0.18907398,0.00070029433,0.017464964
1735187281.7602038,-0.18914856,0.0006304826,0.01734051
1735187281.77122,-0.18915832,0.00065147824,0.017292468
1735187281.7826772,-0.18910798,0.00075571216,0.017315786
1735187281.793652,-0.18920894,0.00064232957,0.01723553
1735187281.8055692,-0.18935372,0.00046418636,0.017140433
1735187281.816005,-0.18953763,0.00022794266,0.017032912
1735187281.827121,-0.18958306,0.00021053845,0.017011374
1735187281.838073,-0.18958056,0.00027134962,0.017026002
1735187281.8494911,-0.18953119,0.00040753675,0.0170726
1735187281.860426,-0.18948995,0.0004451027,0.016983304
1735187281.871428,-0.18942897,0.00047272947,0.016843617
1735187281.8826342,-0.18934973,0.0004889668,0.016658304
1735187281.893863,-0.1893121,0.00048314102,0.016618576
1735187281.905674,-0.18928576,0.0004601178,0.0166271
1735187281.915797,-0.1892705,0.000421211,0.016683582
1735187281.926886,-0.18925337,0.00045680965,0.016772807
1735187281.937922,-0.1892409,0.0005207654,0.016902488
1735187281.94912,-0.18923159,0.0006088866,0.017069237
1735187281.960134,-0.18916449,0.00056695373,0.017131373
1735187281.971256,-0.18907091,0.00047334464,0.017161105
1735187281.982474,-0.18895324,0.00033330827,0.01715885
1735187281.993586,-0.18892784,0.0003183776,0.017199352
1735187282.004664,-0.18893547,0.00034165365,0.017244343
1735187282.015909,-0.18897396,0.00039520877,0.01729089
1735187282.026933,-0.18895657,0.00027109715,0.017134784
1735187282.037909,-0.1889267,7.425195e-05,0.016880596
1735187282.049164,-0.18888475,-0.00019141547,0.016538331
1735187282.0601568,-0.18886888,-0.00033244072,0.016483793
1735187282.07121,-0.18886016,-0.00044725274,0.016525695
1735187282.082452,-0.1888579,-0.0005322643,0.016658276
1735187282.0935469,-0.18882914,-0.00048224148,0.016636075
1735187282.104586,-0.18879056,-0.00035056015,0.01658392
1735187282.116104,-0.18874264,-0.00014191933,0.016504707
1735187282.127291,-0.18870872,-6.185385e-05,0.016470818
1735187282.137882,-0.18867692,-5.8111173e-06,0.016446052
1735187282.1490889,-0.18864986,3.4288136e-05,0.01643255
1735187282.16022,-0.18872239,0.00024859622,0.01664027
1735187282.171194,-0.18884592,0.00054155296,0.016961904
1735187282.182611,-0.18901417,0.00089925504,0.017391218
1735187282.193634,-0.18903168,0.00099419,0.017482398
1735187282.204842,-0.18899852,0.0009896755,0.017463297
1735187282.216337,-0.18891665,0.000886555,0.017344102
1735187282.2271,-0.18889269,0.0007733807,0.017312896
1735187282.237916,-0.1888723,0.00060550374,0.017275276
1735187282.249075,-0.18885447,0.00038861323,0.017233992
1735187282.26017,-0.18880928,0.00035968865,0.017224045
1735187282.271198,-0.18875197,0.0003982387,0.017227797
1735187282.282412,-0.18868268,0.0005005901,0.017245721
1735187282.293505,-0.18860602,0.00049930747,0.017340524
1735187282.3044949,-0.18851978,0.0004797434,0.017480053
1735187282.315928,-0.1884253,0.00044436762,0.017655808
1735187282.327209,-0.1883689,0.00040976703,0.017556785
1735187282.337913,-0.1883267,0.00036780533,0.017340656
1735187282.349059,-0.1882949,0.0003170129,0.01701918
1735187282.360152,-0.18813589,0.00029624044,0.0170135
1735187282.371235,-0.18792006,0.00028504973,0.01711038
1735187282.382403,-0.1876547,0.0002833104,0.017306266
1735187282.3934631,-0.18763205,0.00036790525,0.017337307
1735187282.404513,-0.18770313,0.0004987074,0.017338062
1735187282.415797,-0.18786225,0.00066574936,0.017314637
1735187282.426924,-0.18790083,0.0006625607,0.017306771
1735187282.437846,-0.18792467,0.0005934633,0.017295321
1735187282.449215,-0.18793638,0.00046450415,0.017281368
1735187282.46018,-0.18803973,0.00046495127,0.01733599
1735187282.4710789,-0.18818168,0.000499208,0.017422777
1735187282.482422,-0.18835784,0.0005660552,0.017535502
1735187282.493439,-0.18836318,0.00052686525,0.017476177
1735187282.504702,-0.18830183,0.00045219646,0.01734513
1735187282.515832,-0.18817821,0.00034564725,0.017149506
1735187282.527041,-0.18818934,0.0003350239,0.017180176
1735187282.537992,-0.18823534,0.00035542218,0.017289601
1735187282.5491018,-0.18831141,0.00040739746,0.017474111
1735187282.560189,-0.18821137,0.0005271885,0.017566592
1735187282.571181,-0.1880398,0.00069613714,0.017651524
1735187282.582639,-0.18780106,0.0009072324,0.017730147
1735187282.593673,-0.1876925,0.000889932,0.017808115
1735187282.604868,-0.18761417,0.0007819425,0.017883033
1735187282.61623,-0.18756567,0.0005879448,0.017955156
1735187282.627033,-0.187554,0.00052299123,0.0179851
1735187282.6380138,-0.18757579,0.0004778859,0.017993301
1735187282.649344,-0.18763018,0.0004544704,0.017980097
1735187282.660369,-0.18768214,0.00044983602,0.017998567
1735187282.671488,-0.18774965,0.0004660945,0.018021192
1735187282.682629,-0.1878319,0.00050407625,0.018044475
1735187282.69365,-0.18787478,0.00049862376,0.017948417
1735187282.704823,-0.18790548,0.00048342306,0.017793985
1735187282.7168589,-0.18792279,0.00046251627,0.017587813
1735187282.727958,-0.18788612,0.0005359649,0.017658234
1735187282.7379231,-0.18781634,0.0006529994,0.017837916
1735187282.74905,-0.18771482,0.00080725015,0.01812328
1735187282.760147,-0.18767256,0.0009045992,0.018282672
1735187282.771198,-0.1876435,0.0009916232,0.018434655
1735187282.782415,-0.18763004,0.0010640018,0.018573722
1735187282.79349,-0.18773903,0.001069591,0.018443063
1735187282.8045,-0.18791616,0.0010346029,0.01817283
1735187282.8159971,-0.18815541,0.00095952465,0.017772835
1735187282.8268108,-0.18823223,0.00089363265,0.017683866
1735187282.837816,-0.18826105,0.00081213773,0.017682374
1735187282.84904,-0.18824498,0.00071657123,0.01776444
1735187282.860132,-0.18831617,0.00066970795,0.017775487
1735187282.871145,-0.18840759,0.00063974195,0.017794134
1735187282.8823628,-0.1885179,0.00062878424,0.017819893
1735187282.8934588,-0.18859155,0.00070194877,0.017826352
1735187282.904478,-0.18865691,0.00082644896,0.017826691
1735187282.915838,-0.18871352,0.0009979315,0.017820416
1735187282.927055,-0.18874493,0.0010247388,0.017835949
1735187282.937809,-0.18875961,0.0010042483,0.017858593
1735187282.9490829,-0.18875943,0.0009376999,0.017885683
1735187282.960577,-0.18882577,0.00087367,0.017844463
1735187282.97116,-0.18891734,0.0007874676,0.01777162
1735187282.98234,-0.18902847,0.0006855872,0.017671494
1735187282.993413,-0.18892264,0.0007832196,0.017781273
1735187283.004568,-0.18871982,0.0009711086,0.01797981
1735187283.0156589,-0.18842465,0.0012401344,0.018258521
1735187283.02679,-0.18825608,0.0012416844,0.018315122
1735187283.037808,-0.18810318,0.0011531863,0.018303884
1735187283.049014,-0.18796723,0.0009779632,0.01822771
1735187283.060122,-0.18790828,0.00089825713,0.018168055
1735187283.071155,-0.18789609,0.0008210833,0.018083837
1735187283.082386,-0.18792523,0.00074607105,0.01797849
1735187283.093452,-0.18778507,0.00064672495,0.018026793
1735187283.104477,-0.18758282,0.00053712656,0.018139422
1735187283.115843,-0.18732226,0.0004211967,0.018313915
1735187283.127404,-0.18717085,0.00040014085,0.018434526
1735187283.137724,-0.18704349,0.00042261244,0.018560233
1735187283.14897,-0.186942,0.0004848006,0.018689528
1735187283.159943,-0.18695535,0.00050150394,0.01862961
1735187283.171018,-0.18703827,0.00051582314,0.018479096
1735187283.182149,-0.18718576,0.0005179798,0.018242154
1735187283.195751,-0.18720761,0.00037080015,0.017955195
1735187283.2042751,-0.18719958,0.00014170975,0.017600995
1735187283.215548,-0.187167,-0.00015625347,0.017185742
1735187283.2266111,-0.18734087,-0.00015139609,0.017044012
1735187283.237646,-0.18760447,-3.03532e-05,0.017004848
1735187283.248826,-0.18794775,0.00021088085,0.017055223
1735187283.259931,-0.18790816,0.00036805827,0.017066928
1735187283.271006,-0.18772085,0.00054498046,0.017101496
1735187283.282156,-0.18739735,0.00074086577,0.017151633
1735187283.293231,-0.18738492,0.00078139716,0.017136782
1735187283.304333,-0.18745628,0.00075666135,0.017098749
1735187283.315495,-0.18760592,0.0006698268,0.017040862
1735187283.3264542,-0.18760753,0.0005857999,0.01705328
1735187283.337894,-0.18757614,0.00047177565,0.017090617
1735187283.348822,-0.18751399,0.000331283,0.017147193
1735187283.3598762,-0.18751395,0.00030033285,0.017069161
1735187283.370964,-0.18752894,0.0003103023,0.016933894
1735187283.382492,-0.1875568,0.00036187394,0.016747097
1735187283.393259,-0.18750016,0.0004377372,0.016784262
1735187283.404255,-0.18728335,0.00068737613,0.017104687
1735187283.415492,-0.1872195,0.0007526576,0.017236006
1735187283.426559,-0.18716909,0.0007975402,0.017373702
1735187283.438233,-0.18713199,0.00082191883,0.017517593
1735187283.448784,-0.18698512,0.00085114967,0.01762105
1735187283.459877,-0.18679525,0.00086727313,0.017710513
1735187283.470876,-0.1865636,0.0008753683,0.017787734
1735187283.482071,-0.1864613,0.0009533022,0.017951608
1735187283.49313,-0.18640132,0.0010594726,0.01815188
1735187283.504242,-0.18638043,0.001184766,0.018386345
1735187283.515484,-0.18629745,0.001226995,0.018385569
1735187283.526526,-0.18620451,0.0012374715,0.01828754
1735187283.537653,-0.18610118,0.0012168919,0.0180924
1735187283.54875,-0.18612865,0.0010231254,0.017755017
1735187283.5601568,-0.18620944,0.00073760335,0.017298397
1735187283.5710669,-0.1863454,0.0003545994,0.016720176
1735187283.582057,-0.18633677,0.00021883796,0.016334137
1735187283.593149,-0.18629313,0.00015741566,0.015969314
1735187283.604208,-0.18621407,0.0001597848,0.015639901
1735187283.615495,-0.18623076,7.036337e-05,0.015544932
1735187283.626827,-0.18627661,-3.0337804e-05,0.015582157
1735187283.637967,-0.1863512,-0.00014285676,0.015751792
1735187283.648714,-0.18646157,-0.00028814422,0.015782312
1735187283.659802,-0.18660362,-0.0004610866,0.015819773
1735187283.671306,-0.18677343,-0.0006559946,0.015857799
1735187283.682268,-0.18675889,-0.000828579,0.015904825
1735187283.6931272,-0.18666783,-0.0010008522,0.0159553
1735187283.704258,-0.18650629,-0.0011672826,0.016009374
1735187283.715724,-0.1865356,-0.0011298811,0.016116366
1735187283.7264872,-0.18662292,-0.0009889606,0.01625137
1735187283.737582,-0.18676797,-0.00074462633,0.016414275
1735187283.748762,-0.18671797,-0.0007217078,0.01630519
1735187283.75997,-0.1866088,-0.00074763584,0.016089039
1735187283.771292,-0.18644024,-0.00082302175,0.015768537
1735187283.782411,-0.18641633,-0.0007527631,0.015751207
1735187283.793316,-0.18643346,-0.00063622004,0.01583002
1735187283.8044071,-0.18649153,-0.00047336565,0.016005026
1735187283.815412,-0.18648095,-0.00032395573,0.015967501
1735187283.82648,-0.1864614,-0.00015713696,0.015887648
1735187283.8375568,-0.18642971,2.6684023e-05,0.01575587
1735187283.849102,-0.18643928,4.2706117e-05,0.015836516
1735187283.860246,-0.18646081,-6.8247027e-06,0.015987845
1735187283.871248,-0.18649566,-0.00012756835,0.016214786
1735187283.882451,-0.18647447,-0.00016032273,0.016183153
1735187283.89363,-0.18643482,-0.0001889614,0.016076982
1735187283.904526,-0.18637523,-0.00021146072,0.015886875
1735187283.915941,-0.18624565,-0.00028812894,0.015814062
1735187283.927055,-0.18607353,-0.00038445,0.015747648
1735187283.9380689,-0.18585773,-0.0005028542,0.015693918
1735187283.949284,-0.1858192,-0.0004725412,0.015690697
1735187283.9602618,-0.18583743,-0.00038714154,0.015716966
1735187283.971489,-0.1859179,-0.00024172044,0.01577377
1735187283.982767,-0.18586305,-0.00018381694,0.015815986
1735187283.993507,-0.18578063,-0.00013364351,0.015868489
1735187284.0044951,-0.18566565,-9.445453e-05,0.015929947
1735187284.015564,-0.18557419,-7.0181272e-06,0.015986338
1735187284.026854,-0.1854754,9.654545e-05,0.01604551
1735187284.038121,-0.18537109,0.0002172601,0.01610704
1735187284.048866,-0.18529871,0.0002578462,0.016163478
1735187284.060529,-0.18523745,0.00027307388,0.016220104
1735187284.071511,-0.18518855,0.0002595145,0.016275495
1735187284.082561,-0.18520735,0.0001859419,0.016287638
1735187284.0934,-0.1852632,6.747708e-05,0.016281882
1735187284.1048331,-0.1853577,-9.521269e-05,0.01625518
1735187284.115947,-0.18539377,-0.00015053176,0.016184729
1735187284.1267529,-0.18542452,-0.0001810343,0.016083067
1735187284.1378012,-0.18544774,-0.00018344833,0.015949765
1735187284.14937,-0.18552913,-0.0002900512,0.016002793
1735187284.1600208,-0.18563232,-0.00042733527,0.016123248
1735187284.171023,-0.18575913,-0.0005997421,0.016316595
1735187284.182258,-0.1857632,-0.00051562337,0.016461687
1735187284.193366,-0.18572439,-0.00033482863,0.01662772
1735187284.204434,-0.18563884,-4.9949944e-05,0.016809406
1735187284.215755,-0.18561515,8.7907014e-05,0.016918639
1735187284.226636,-0.18559384,0.00021619059,0.017005755
1735187284.2377,-0.18557774,0.00032873894,0.017066775
1735187284.248966,-0.18547182,0.00049239496,0.017228192
1735187284.260133,-0.18532826,0.0006706716,0.017419893
1735187284.271188,-0.18514404,0.0008650125,0.017645579
1735187284.282302,-0.1851548,0.0009208768,0.017524345
1735187284.2933822,-0.18523102,0.0009213987,0.017266436
1735187284.304446,-0.18537867,0.00086379005,0.016860275
1735187284.3168988,-0.18540809,0.0008174031,0.016715586
1735187284.3269482,-0.1854239,0.0007423452,0.016607877
1735187284.337791,-0.18542126,0.0006418382,0.016547924
1735187284.349084,-0.18550155,0.0004009266,0.01621117
1735187284.360097,-0.18560754,8.199723e-05,0.015775783
1735187284.371138,-0.1857412,-0.00031629635,0.015232005
1735187284.382327,-0.18575853,-0.00046317137,0.015178129
1735187284.393509,-0.18574002,-0.0005447271,0.015286984
1735187284.4044352,-0.18568136,-0.00054915086,0.015574081
1735187284.4158978,-0.18563968,-0.0005441455,0.01565135
1735187284.42705,-0.18558341,-0.0004958221,0.015733536
1735187284.437768,-0.18551424,-0.00040343328,0.015808972
1735187284.449067,-0.18551552,-0.00040669699,0.015804574
1735187284.460238,-0.1854756,-0.00042848245,0.015750453
1735187284.471119,-0.18544368,-0.00048370613,0.01562919
1735187284.482277,-0.18541908,-0.0005677949,0.015448318
1735187284.4933848,-0.18539286,-0.00052598177,0.0154413795
1735187284.504493,-0.18536964,-0.00043722978,0.0154895075
1735187284.515833,-0.18534939,-0.00030978056,0.015591786
1735187284.5266728,-0.18534078,-0.00038659494,0.015638681
1735187284.537955,-0.18533917,-0.0005439228,0.015686374
1735187284.548983,-0.18534452,-0.00077384664,0.015736679
1735187284.560166,-0.1853598,-0.00082482386,0.015793767
1735187284.571104,-0.18538366,-0.00082476507,0.01585616
1735187284.582413,-0.18541607,-0.0007751273,0.015932547
1735187284.5936,-0.1854609,-0.00062395685,0.016229928
1735187284.604768,-0.18551524,-0.00039794974,0.016643493
1735187284.6160622,-0.18557729,-0.000102475606,0.017159877
1735187284.626998,-0.18562408,7.4118885e-05,0.017295701
1735187284.637898,-0.18566802,0.00022770413,0.017297024
1735187284.6492128,-0.1857117,0.00035437933,0.017169686
1735187284.660345,-0.18583143,0.0003210604,0.01709059
1735187284.671267,-0.18598805,0.00019565197,0.016969394
1735187284.682451,-0.18617754,-1.4885585e-05,0.016809503
1735187284.693637,-0.18627177,-7.383556e-05,0.016735926
1735187284.704639,-0.18633623,-0.00010164041,0.016685128
1735187284.715723,-0.18637171,-9.606381e-05,0.016656268
1735187284.726722,-0.18639684,1.5336966e-05,0.016627174
1735187284.73779,-0.18640225,0.00019568656,0.016609132
1735187284.7489672,-0.1863869,0.00043438876,0.016604846
1735187284.760171,-0.18633965,0.0004364139,0.016553355
1735187284.771098,-0.18626638,0.00035223737,0.016487077
1735187284.782364,-0.1861686,0.00018138245,0.016408399
1735187284.7933822,-0.18611228,5.7927376e-05,0.016292313
1735187284.804421,-0.18606369,-8.8283625e-05,0.016152738
1735187284.815834,-0.18602127,-0.00025811727,0.015995277
1735187284.826706,-0.18594019,-0.0003496998,0.015930455
1735187284.837772,-0.18584321,-0.000415742,0.015902638
1735187284.8490071,-0.18573108,-0.00045723762,0.015910417
1735187284.860093,-0.18562385,-0.0004884566,0.015935052
1735187284.87111,-0.18551117,-0.0005019868,0.015985714
1735187284.882265,-0.18539499,-0.000502229,0.01605608
1735187284.8933148,-0.18533231,-0.0005201682,0.015955327
1735187284.904309,-0.18529367,-0.00054065895,0.015780892
1735187284.915505,-0.1852772,-0.0005626829,0.015542255
1735187284.9265609,-0.1852226,-0.0005192902,0.015555873
1735187284.937687,-0.18516016,-0.00044485775,0.015660401
1735187284.948859,-0.18509279,-0.00033914944,0.015845405
1735187284.960078,-0.18509616,-0.00031083898,0.015826285
1735187284.97111,-0.18513167,-0.00030402903,0.015748173
1735187284.982562,-0.18520032,-0.00032079185,0.0156186065
1735187284.993353,-0.18535288,-0.0002558678,0.015598962
1735187285.00447,-0.18556355,-0.00016453877,0.015608367
1735187285.01597,-0.18582465,-5.468179e-05,0.015650565
1735187285.0269508,-0.18587822,-3.973698e-05,0.015739454
1735187285.037764,-0.1858553,-6.270015e-05,0.015867919
1735187285.049199,-0.18576021,-0.00012330283,0.016037272
1735187285.060318,-0.1857394,-0.00022697073,0.016157078
1735187285.0713038,-0.18571797,-0.00037027555,0.016274167
1735187285.082474,-0.18569812,-0.00054493017,0.01638889
1735187285.093658,-0.18574463,-0.0004909861,0.016528828
1735187285.104796,-0.18582451,-0.00034082923,0.016679458
1735187285.117465,-0.18593626,-0.00010271333,0.016834103
1735187285.127022,-0.18604347,-6.7383146e-05,0.016796352
1735187285.137944,-0.18616498,-8.657479e-05,0.016666345
1735187285.149126,-0.18629801,-0.00015654032,0.016450623
1735187285.1602712,-0.18634345,-0.00015527326,0.016367165
1735187285.171247,-0.18635164,-0.00014500675,0.016304769
1735187285.182496,-0.1863196,-0.00012597477,0.016263284
1735187285.1936932,-0.1861526,-8.955567e-05,0.016199809
1735187285.2057838,-0.18589905,-3.975531e-05,0.016136693
1735187285.215646,-0.18556611,1.8790244e-05,0.016075458
1735187285.226717,-0.18538432,4.963312e-06,0.016051032
1735187285.2377849,-0.18523574,-4.1142033e-05,0.016045421
1735187285.248954,-0.18512039,-0.00012018751,0.01605914
1735187285.260051,-0.18503428,-0.00016998762,0.016113035
1735187285.271096,-0.18497974,-0.00022279697,0.016196188
1735187285.282219,-0.18495888,-0.0002699761,0.016304193
1735187285.2934542,-0.18503527,-0.00021238218,0.016457062
1735187285.3043962,-0.1851766,-9.8492994e-05,0.016644156
1735187285.315776,-0.18537804,6.75171e-05,0.016857516
1735187285.326871,-0.18549034,7.082503e-05,0.016847607
1735187285.337744,-0.18558985,2.0385341e-05,0.016741486
1735187285.34897,-0.18567644,-8.23443e-05,0.016545013
1735187285.360064,-0.18576051,-0.00017406055,0.01644568
1735187285.371095,-0.18583672,-0.00028719025,0.016348047
1735187285.382309,-0.18590271,-0.00041347585,0.01625368
1735187285.393422,-0.18588035,-0.00032304288,0.01624915
1735187285.404409,-0.18580942,-0.00013287464,0.016290732
1735187285.415542,-0.18569264,0.00015057658,0.01637617
1735187285.426766,-0.18562439,0.0002255587,0.016472781
1735187285.437768,-0.1855566,0.00024701757,0.016596446
1735187285.4490209,-0.18549414,0.00021434113,0.01674229
1735187285.460071,-0.18558161,0.0001735723,0.016770167
1735187285.471062,-0.18574554,0.0001003632,0.016751438
1735187285.4823089,-0.18597999,3.1056027e-06,0.016689062
1735187285.493366,-0.18608928,7.3707786e-05,0.016729971
1735187285.504451,-0.18617335,0.00021513368,0.01679874
1735187285.515609,-0.18623152,0.00041974097,0.016888527
1735187285.526725,-0.18624136,0.00039653963,0.016884457
1735187285.5379,-0.18621449,0.00029385654,0.016844815
1735187285.549052,-0.1861526,0.00011967189,0.016769892
1735187285.560137,-0.18612267,0.00014540667,0.016710527
1735187285.571086,-0.18609084,0.00023253226,0.016640808
1735187285.5824342,-0.18605997,0.00037119922,0.016562238
1735187285.593504,-0.18613705,0.00023783318,0.01651458
1735187285.6046891,-0.18626744,-2.8211716e-06,0.016477656
1735187285.61595,-0.1864484,-0.00033554452,0.016454011
1735187285.62697,-0.18659545,-0.00031723076,0.016515043
1735187285.637897,-0.18675166,-0.00017313653,0.016624676
1735187285.649198,-0.18691646,7.991537e-05,0.016777677
1735187285.6602302,-0.18707864,-8.898893e-05,0.016778802
1735187285.671234,-0.18724376,-0.00040984145,0.016727133
1735187285.6824598,-0.18740794,-0.0008676453,0.016623365
1735187285.6935558,-0.18746616,-0.0009332251,0.016559508
1735187285.704637,-0.1874722,-0.0008764953,0.016488882
1735187285.716465,-0.18742695,-0.0007060324,0.016411783
1735187285.727024,-0.1873528,-0.0006819076,0.01637689
1735187285.7381558,-0.18723837,-0.00067147525,0.01635925
1735187285.749118,-0.18709001,-0.00067346834,0.016356496
1735187285.7604551,-0.18711929,-0.0006510118,0.01630023
1735187285.771223,-0.18721803,-0.00062264025,0.0162252
1735187285.7824368,-0.18738002,-0.00058914715,0.016131984
1735187285.793525,-0.18739033,-0.0006057761,0.016041858
1735187285.8047972,-0.18735841,-0.0006440727,0.015943851
1735187285.815956,-0.18728523,-0.00070895243,0.015839968
1735187285.826647,-0.18720679,-0.0008537023,0.015675304
1735187285.837746,-0.1871043,-0.0010524379,0.015479269
1735187285.8490782,-0.18697846,-0.0012986073,0.015262541
1735187285.86006,-0.18686166,-0.0013069205,0.015267754
1735187285.871097,-0.18673767,-0.0012236402,0.015370905
1735187285.882261,-0.1866072,-0.0010574847,0.015566105
1735187285.893366,-0.18650791,-0.0010416299,0.015687644
1735187285.90464,-0.18642075,-0.0010574412,0.015819892
1735187285.915674,-0.18635045,-0.0011010617,0.01595958
1735187285.9266748,-0.18646123,-0.0010504565,0.016008837
1735187285.937724,-0.1866695,-0.0009678301,0.016017761
1735187285.948947,-0.18696651,-0.00085552153,0.015985863
1735187285.960058,-0.18706486,-0.00081168034,0.0159196
1735187285.971102,-0.18711114,-0.00078645267,0.01581535
1735187285.9822822,-0.1871072,-0.00078114314,0.015677882
1735187285.993355,-0.18711388,-0.00079242274,0.015678223
1735187286.004346,-0.18710022,-0.0008221061,0.015728863
1735187286.015633,-0.18706696,-0.00086936617,0.015826628
1735187286.026682,-0.187044,-0.0008662981,0.015885258
1735187286.0377522,-0.18701638,-0.0008477612,0.015948534
1735187286.0490432,-0.18698508,-0.0008152877,0.016016733
1735187286.060068,-0.18699521,-0.000833362,0.016070832
1735187286.071068,-0.18702392,-0.00086881267,0.016120594
1735187286.0825272,-0.18706925,-0.0009168542,0.01617032
1735187286.093732,-0.18707642,-0.0008330485,0.016302241
1735187286.104656,-0.18707295,-0.0006908173,0.016474556
1735187286.115919,-0.18705904,-0.00049772864,0.016678648
1735187286.126731,-0.18703476,-0.0005434607,0.016680107
1735187286.137693,-0.18699995,-0.00068046094,0.01659818
1735187286.148838,-0.186952,-0.000896484,0.016438054
1735187286.159863,-0.18679471,-0.00077232777,0.016426215
1735187286.1709008,-0.18657689,-0.00052259804,0.016447037
1735187286.182036,-0.18630566,-0.00016182686,0.0164933
1735187286.193176,-0.18621589,-0.0001808865,0.016377851
1735187286.20427,-0.18618748,-0.00032876496,0.016195776
1735187286.215413,-0.18622023,-0.000592127,0.015952736
1735187286.226447,-0.18629819,-0.00062493957,0.015917726
1735187286.237529,-0.18642981,-0.00060306495,0.015952675
1735187286.2486548,-0.186609,-0.0005310167,0.016052425
1735187286.259845,-0.18663634,-0.00050258636,0.01604233
1735187286.270947,-0.18654376,-0.00043981135,0.015959041
1735187286.282042,-0.18652087,-0.00048095395,0.015818711
1735187286.293087,-0.1864967,-0.0005589306,0.015625086
1735187286.304493,-0.1864711,-0.0006737306,0.015377893
1735187286.315393,-0.18652612,-0.00074860436,0.015340537
1735187286.326499,-0.18661726,-0.00082322845,0.015365757
1735187286.337698,-0.18674672,-0.0008967364,0.015462441
1735187286.348823,-0.18680716,-0.0008541348,0.015479979
1735187286.359849,-0.18685733,-0.00076150964,0.015503478
1735187286.37089,-0.18689439,-0.000613838,0.015526663
1735187286.382055,-0.18692146,-0.0005929021,0.015591816
1735187286.3933768,-0.18693675,-0.00059674704,0.015676156
1735187286.4044418,-0.18694027,-0.0006320479,0.015780704
1735187286.415402,-0.1869193,-0.0006592124,0.015837332
1735187286.4265718,-0.18688098,-0.00069987704,0.015881626
1735187286.437515,-0.18682495,-0.00075274723,0.015913146
1735187286.448697,-0.1867628,-0.0007038411,0.015988093
1735187286.4597878,-0.18668817,-0.0006175033,0.01607528
1735187286.4708471,-0.18660147,-0.00048971106,0.016176518
1735187286.482044,-0.18661037,-0.00033727195,0.016283523
1735187286.4931068,-0.18665513,-0.00015218617,0.016401604
1735187286.504246,-0.18673867,6.657823e-05,0.016530389
1735187286.515494,-0.18661545,5.7762652e-05,0.016598377
1735187286.526472,-0.18642187,-3.3284305e-05,0.016644431
1735187286.537653,-0.18615966,-0.00020663408,0.016667541
1735187286.548806,-0.18611875,-0.00022518593,0.016677676
1735187286.559684,-0.18615107,-0.00021010567,0.016669082
1735187286.570836,-0.18625651,-0.00016142355,0.016641937
1735187286.581998,-0.18626937,-9.346395e-05,0.016616905
1735187286.593087,-0.18628103,8.163479e-07,0.016583296
1735187286.604432,-0.18628672,0.00012148583,0.01654118
1735187286.6155748,-0.18629143,8.185166e-05,0.016539078
1735187286.626477,-0.18629237,-1.5288946e-05,0.016547453
1735187286.637543,-0.1862899,-0.00017526763,0.01656945
1735187286.649137,-0.18626824,-0.00020148768,0.016477915
1735187286.660088,-0.18623626,-0.00019861177,0.016339961
1735187286.670812,-0.1861931,-0.00016444366,0.01615423
1735187286.681979,-0.18622915,-0.00012507424,0.016082605
1735187286.693118,-0.18629517,-6.204206e-05,0.016033126
1735187286.7041368,-0.18639354,2.1000595e-05,0.016012507
1735187286.7153702,-0.18651444,2.6926104e-05,0.015878128
1735187286.726821,-0.18666318,1.0728209e-05,0.015707074
1735187286.737561,-0.18683897,-3.111361e-05,0.015496234
1735187286.749145,-0.18689826,-5.8992795e-05,0.015507903
1735187286.760093,-0.18692034,-9.538239e-05,0.015596818
1735187286.770858,-0.18690102,-0.00013872958,0.015770886
1735187286.782249,-0.18683362,-0.0001461908,0.01577221
1735187286.7935271,-0.18672211,-0.00014280858,0.01574281
1735187286.804607,-0.18656601,-0.00012614977,0.015675586
1735187286.815922,-0.18652162,-0.00011238869,0.01567224
1735187286.827114,-0.18650244,-9.403023e-05,0.015676616
1735187286.838103,-0.1865132,-7.062036e-05,0.01569168
1735187286.84931,-0.1865858,-6.392638e-06,0.015824582
1735187286.86042,-0.18670249,7.478899e-05,0.016018175
1735187286.871276,-0.18686424,0.0001776662,0.016274842
1735187286.882788,-0.18685526,7.7515855e-05,0.01627643
1735187286.893862,-0.18679442,-0.00010120956,0.016198408
1735187286.90465,-0.18667552,-0.00036540694,0.016031763
1735187286.915882,-0.1866256,-0.00042461953,0.015935281
1735187286.926723,-0.1865751,-0.00043178786,0.015818536
1735187286.937642,-0.1865272,-0.00038456527,0.015688319
1735187286.948851,-0.18647969,-0.00037982583,0.0155814905
1735187286.9598951,-0.18643397,-0.00036513212,0.015475492
1735187286.971428,-0.18638988,-0.00034178153,0.015373062
1735187286.982166,-0.18647036,-0.00036431212,0.015365403
1735187286.9932652,-0.18660788,-0.00040777944,0.015402367
1735187287.004301,-0.18680552,-0.00046964936,0.015486461
1735187287.0155091,-0.18679845,-0.0005387503,0.015482819
1735187287.026572,-0.1867327,-0.00062341953,0.015464838
1735187287.0376658,-0.186601,-0.0007218558,0.015430032
1735187287.0489058,-0.18666576,-0.0007364747,0.015422939
1735187287.0600162,-0.18678232,-0.0007209934,0.01541838
1735187287.071007,-0.18695797,-0.0006724145,0.015417965
1735187287.082182,-0.1871748,-0.0007714187,0.015416174
1735187287.093312,-0.18744248,-0.00092189,0.0154179605
1735187287.104344,-0.18776111,-0.0011268709,0.015423222
1735187287.115797,-0.18770541,-0.0011836274,0.015423637
1735187287.1268,-0.1875099,-0.0012086031,0.0154249165
1735187287.137754,-0.18716298,-0.0011911694,0.015425813
1735187287.148917,-0.18715873,-0.0011535133,0.015415535
1735187287.160017,-0.18722452,-0.0010868905,0.0154006835
1735187287.171073,-0.18737431,-0.0009895855,0.015380473
1735187287.182269,-0.18740617,-0.0009935048,0.015452474
1735187287.193379,-0.18743154,-0.0010267202,0.015561291
1735187287.204577,-0.18744466,-0.0010926876,0.015711017
1735187287.215706,-0.18744361,-0.0010833291,0.01571107
1735187287.226738,-0.18740624,-0.00097410433,0.015904658
1735187287.237757,-0.18733768,-0.00079417217,0.016139992
1735187287.249057,-0.18724182,-0.00054808013,0.016411925
1735187287.2600489,-0.18726692,-0.00044819692,0.01646405
1735187287.271151,-0.18733779,-0.0003867747,0.016428791
1735187287.2822452,-0.1874526,-0.00036069745,0.016312731
1735187287.2934,-0.18755354,-0.0003234595,0.016324174
1735187287.304438,-0.18767005,-0.00029850085,0.016356753
1735187287.315976,-0.1878021,-0.00028724928,0.016407823
1735187287.3268108,-0.18794659,-0.00032057002,0.016381431
1735187287.338088,-0.18810521,-0.00038261636,0.016326485
1735187287.348967,-0.18827496,-0.00047212833,0.016246298
1735187287.359987,-0.18834874,-0.00054828747,0.016245231
1735187287.371106,-0.18838099,-0.00063210673,0.01627022
1735187287.3822742,-0.18837342,-0.0007228357,0.016323555
1735187287.393344,-0.18837881,-0.00072840886,0.016499357
1735187287.404406,-0.18837021,-0.0006966706,0.016749268
1735187287.41581,-0.18834172,-0.000631496,0.017064452
1735187287.426667,-0.18812537,-0.00054669316,0.017146694
1735187287.437745,-0.18780722,-0.00043578492,0.017148735
1735187287.448957,-0.18740198,-0.00030659107,0.017078163
1735187287.460006,-0.18737568,-0.00032661846,0.017141279
1735187287.471077,-0.18749095,-0.0004106906,0.017232744
1735187287.482283,-0.1877374,-0.00055545586,0.01735294
1735187287.4933372,-0.18775909,-0.00060539035,0.017507313
1735187287.5044851,-0.1877372,-0.0006402128,0.017691888
1735187287.515943,-0.1876755,-0.0006648017,0.017898435
1735187287.526757,-0.18769655,-0.00077110494,0.017814685
1735187287.5378351,-0.18773763,-0.00091247354,0.017600132
1735187287.548955,-0.18780063,-0.0010849189,0.017264541
1735187287.560044,-0.18797363,-0.0011260458,0.01710459
1735187287.571516,-0.18821226,-0.0011188332,0.016969172
1735187287.582366,-0.18851028,-0.0010674596,0.016858082
1735187287.593288,-0.18867077,-0.0010760727,0.016717317
1735187287.604403,-0.1887939,-0.0010912573,0.016574448
1735187287.6156058,-0.18887994,-0.0011103743,0.016431268
1735187287.626688,-0.18893273,-0.0010515151,0.016359868
1735187287.637692,-0.18895033,-0.00095665414,0.016323952
1735187287.648817,-0.18893369,-0.00083554734,0.016323851
1735187287.659984,-0.18892336,-0.00097655767,0.016310256
1735187287.670989,-0.18889824,-0.0012327671,0.016309328
1735187287.682281,-0.18885517,-0.0015922486,0.016329527
1735187287.6933088,-0.18871693,-0.001652539,0.016374433
1735187287.704308,-0.18852323,-0.0016186234,0.016443936
1735187287.715698,-0.18827815,-0.0014950047,0.016535576
1735187287.726733,-0.1881323,-0.00144808,0.016522376
1735187287.73773,-0.18800874,-0.0013930496,0.016468972
1735187287.74901,-0.18790932,-0.0013322278,0.016376223
1735187287.760012,-0.18788612,-0.0013829806,0.016307857
1735187287.7709851,-0.18791257,-0.0014848759,0.01623055
1735187287.782322,-0.18798485,-0.0016290394,0.01614666
1735187287.793357,-0.18796976,-0.0016345225,0.01620853
1735187287.804357,-0.18793511,-0.0015930379,0.016338764
1735187287.815767,-0.18788356,-0.0015055286,0.01653558
1735187287.826666,-0.18791784,-0.0013582755,0.01667711
1735187287.837699,-0.18798563,-0.0011586436,0.01682609
1735187287.848841,-0.18807943,-0.00091384345,0.01697937
1735187287.8599958,-0.1879555,-0.0008658919,0.01702622
1735187287.871032,-0.1877384,-0.0008912393,0.017023329
1735187287.882183,-0.18744023,-0.0009834613,0.01698145
1735187287.893352,-0.18746436,-0.00092658465,0.017167054
1735187287.904393,-0.18760465,-0.0008306661,0.0174447
1735187287.915753,-0.1878532,-0.00069608376,0.017802538
1735187287.926574,-0.18795793,-0.000654926,0.01775369
1735187287.937708,-0.18804751,-0.00063963735,0.017545404
1735187287.948894,-0.18812436,-0.00065214915,0.017188907
1735187287.960008,-0.18828896,-0.0007330771,0.017052017
1735187287.971078,-0.1884905,-0.0008624947,0.016947536
1735187287.982339,-0.1887234,-0.0010332813,0.016879318
1735187287.993286,-0.18879949,-0.0009945838,0.016925003
1735187288.004377,-0.18881454,-0.00087407813,0.017045077
1735187288.015895,-0.18877135,-0.0006769602,0.017224219
1735187288.026672,-0.18877567,-0.0007496465,0.01696181
1735187288.037688,-0.18877304,-0.00091321854,0.016513051
1735187288.049008,-0.18876334,-0.0011443351,0.015893094
1735187288.059925,-0.18877646,-0.0011481937,0.015867768
1735187288.0711222,-0.18879817,-0.0010732564,0.016045209
1735187288.0823488,-0.18882485,-0.0009208172,0.01640457
1735187288.093791,-0.18872942,-0.0010744625,0.016414313
1735187288.104741,-0.18857688,-0.0013374535,0.01634544
1735187288.115892,-0.1883728,-0.0017026018,0.016210167
1735187288.126731,-0.18834528,-0.0017532355,0.01632137
1735187288.13768,-0.1883784,-0.0017037038,0.016519481
1735187288.148889,-0.18846713,-0.0015636336,0.016792515
1735187288.160027,-0.1884541,-0.0015583582,0.016714495
1735187288.171033,-0.18841946,-0.0015729311,0.016502267
1735187288.182306,-0.18836299,-0.0015944443,0.016167767
1735187288.193315,-0.18826772,-0.001545969,0.016192738
1735187288.2043672,-0.18814239,-0.0014646992,0.016331028
1735187288.215719,-0.18799056,-0.0013489724,0.0165748
1735187288.226667,-0.18794313,-0.0013692526,0.016641464
1735187288.237683,-0.1879336,-0.0014372763,0.01667514
1735187288.24886,-0.18795973,-0.0015452503,0.016673742
1735187288.260017,-0.18794146,-0.0015721914,0.016589876
1735187288.271028,-0.18791966,-0.0015791353,0.01644737
1735187288.2821531,-0.18789391,-0.00156492,0.016252337
1735187288.293335,-0.18785845,-0.0014823381,0.016225515
1735187288.304323,-0.18781619,-0.0013557828,0.016254274
1735187288.315603,-0.18777029,-0.0011894659,0.016335607
1735187288.3265538,-0.1878244,-0.0011085074,0.016360527
1735187288.337637,-0.18792567,-0.0010490669,0.016384628
1735187288.348925,-0.18807164,-0.0010137607,0.01640531
1735187288.35991,-0.1881769,-0.0010904138,0.016313873
1735187288.37098,-0.18828468,-0.0012342676,0.016165636
1735187288.3821778,-0.18839313,-0.0014361291,0.015968889
1735187288.39328,-0.18843217,-0.0013860161,0.016020799
1735187288.404622,-0.18843746,-0.0012417446,0.01616967
1735187288.415609,-0.18841042,-0.0010095645,0.016405838
1735187288.426645,-0.18840238,-0.0009983877,0.016511276
1735187288.43767,-0.18838744,-0.0010499456,0.016596358
1735187288.4488502,-0.1883669,-0.001157438,0.016655684
1735187288.459969,-0.18837036,-0.0012278308,0.016594881
1735187288.471071,-0.18838267,-0.001307644,0.01646158
1735187288.482201,-0.18840337,-0.0013951357,0.016262379
1735187288.4932709,-0.1884262,-0.0014521626,0.016232157
1735187288.504424,-0.18845482,-0.0014983576,0.016251352
1735187288.515782,-0.18848571,-0.001532375,0.016318616
1735187288.5267391,-0.18842418,-0.0015150007,0.016391065
1735187288.537674,-0.18831898,-0.001466274,0.016490426
1735187288.548934,-0.1881695,-0.0013828529,0.016618054
1735187288.559986,-0.1879572,-0.001223425,0.016802408
1735187288.57101,-0.18769126,-0.0010094298,0.017029002
1735187288.582274,-0.18738098,-0.00075608504,0.017294886
1735187288.593292,-0.18737356,-0.00086315034,0.01729941
1735187288.604344,-0.18749192,-0.0011269004,0.017196799
1735187288.615844,-0.18772754,-0.0015311043,0.016993254
1735187288.62673,-0.18781835,-0.0015421605,0.016943665
1735187288.637697,-0.18789871,-0.0014312824,0.016917707
1735187288.648916,-0.1879689,-0.0012049975,0.01690906
1735187288.668277,-0.18802978,-0.0011649133,0.01684469
1735187288.670932,-0.18808097,-0.0011570607,0.016761336
1735187288.682252,-0.18812217,-0.0011782444,0.016660074
1735187288.693338,-0.18814607,-0.0011686198,0.016628452
1735187288.7042809,-0.18815644,-0.0011582773,0.01662148
1735187288.715692,-0.18815309,-0.0011487853,0.016637878
1735187288.726729,-0.18812832,-0.0011476385,0.01659344
1735187288.737692,-0.18808576,-0.0011514821,0.016531423
1735187288.749,-0.18802816,-0.0011596025,0.016455797
1735187288.760023,-0.18803777,-0.0011235579,0.016482089
1735187288.770982,-0.18807238,-0.0010681548,0.016551549
1735187288.78227,-0.18812956,-0.0009957941,0.016662724
1735187288.793335,-0.18812692,-0.0009641298,0.016752673
1735187288.8044329,-0.1881063,-0.0009439243,0.016853381
1735187288.815586,-0.18807033,-0.0009353459,0.01696381
1735187288.826661,-0.18810166,-0.0009490992,0.017039027
1735187288.837697,-0.18815824,-0.0009793945,0.017101672
1735187288.849341,-0.18823501,-0.0010227965,0.017152628
1735187288.859984,-0.18816583,-0.00097254955,0.017201409
1735187288.870922,-0.18803559,-0.00088340975,0.0172431
1735187288.882282,-0.18785112,-0.0007639839,0.017277189
1735187288.893592,-0.18783352,-0.00088301266,0.017241778
1735187288.904319,-0.18786985,-0.001103148,0.01716855
1735187288.91593,-0.18795572,-0.0014116613,0.017063558
1735187288.9268332,-0.18796852,-0.0014086819,0.017112877
1735187288.937591,-0.18797117,-0.0012977422,0.017221807
1735187288.948783,-0.18796393,-0.001089756,0.017387861
1735187288.959993,-0.1879634,-0.0010366343,0.017446192
1735187288.97095,-0.18796103,-0.0010110037,0.017481947
1735187288.9822412,-0.18795936,-0.0010221894,0.017499596
1735187288.993297,-0.18805182,-0.0011478814,0.017436236
1735187289.00423,-0.1881901,-0.0013499851,0.017325543
1735187289.015702,-0.18836781,-0.0016219316,0.01717147
1735187289.026551,-0.18838121,-0.0017442262,0.017098779
1735187289.037597,-0.18833436,-0.0018276579,0.017042547
1735187289.048908,-0.18823493,-0.0018714529,0.017001297
1735187289.0599132,-0.1883095,-0.0018847727,0.016959582
1735187289.07095,-0.18844259,-0.0018630619,0.016925242
1735187289.082104,-0.18862751,-0.0018089807,0.016901387
1735187289.093228,-0.18864815,-0.0017837825,0.016920248
1735187289.104236,-0.18861477,-0.0017566925,0.016965462
1735187289.115845,-0.18853019,-0.0017305214,0.017029252
1735187289.126543,-0.18848422,-0.0017377784,0.016876599
1735187289.13747,-0.1884308,-0.0017619777,0.016627215
1735187289.14869,-0.18837368,-0.0018029215,0.016292894
1735187289.159772,-0.18844584,-0.0018555825,0.016273674
1735187289.170974,-0.18877041,-0.0019924892,0.01656106
1735187289.182076,-0.18881176,-0.0019216475,0.016587555
1735187289.193242,-0.18880863,-0.001782085,0.016583322
1735187289.204253,-0.18876073,-0.0015741388,0.01654774
1735187289.21543,-0.18872046,-0.0015245378,0.01659319
1735187289.22643,-0.18865898,-0.0015088625,0.016658451
1735187289.2374558,-0.18857779,-0.0015331657,0.016746547
1735187289.248738,-0.18856815,-0.0016029087,0.016826626
1735187289.259773,-0.18857947,-0.0017147561,0.016915947
1735187289.2707329,-0.18861304,-0.0018643289,0.017007805
1735187289.281918,-0.18861742,-0.0018671007,0.01696362
1735187289.29549,-0.18861894,-0.0018172266,0.016853955
1735187289.304157,-0.18861644,-0.001717269,0.01668489
1735187289.315374,-0.18857546,-0.0016470256,0.016660303
1735187289.326354,-0.18851368,-0.0015659189,0.01667619
1735187289.33743,-0.18843077,-0.0014738882,0.016732423
1735187289.3487902,-0.18847695,-0.0015212791,0.016701154
1735187289.359733,-0.18856922,-0.001624828,0.016653627
1735187289.3707662,-0.18870622,-0.001788329,0.016590683
1735187289.381898,-0.18872108,-0.0019522557,0.016543174
1735187289.39298,-0.18869872,-0.0021476704,0.01649699
1735187289.40428,-0.18864135,-0.0023682269,0.01645219
1735187289.415304,-0.18861869,-0.002410397,0.016385674
1735187289.426382,-0.18859535,-0.0023778982,0.016308729
1735187289.437462,-0.18857129,-0.002270863,0.016221458
1735187289.4485822,-0.1885247,-0.0021591773,0.016211273
1735187289.4596648,-0.18846759,-0.0020044593,0.016231561
1735187289.4707909,-0.18839936,-0.0018085986,0.016283274
1735187289.4819689,-0.18840635,-0.0016234224,0.016363231
1735187289.492985,-0.18844078,-0.0014198724,0.016472515
1735187289.517827,-0.18850337,-0.0012092046,0.016607879
1735187289.519076,-0.18854976,-0.0012781825,0.016579004
1735187289.526371,-0.18860245,-0.0014811062,0.016483102
1735187289.53747,-0.18866108,-0.0018053303,0.016337628
1735187289.5485811,-0.18874747,-0.001738914,0.016473094
1735187289.55969,-0.18885008,-0.001543262,0.016722506
1735187289.5707998,-0.18896851,-0.0012175386,0.01708612
1735187289.582087,-0.18901551,-0.0011086604,0.01723671
1735187289.59308,-0.18904008,-0.0010201483,0.01734772
1735187289.604116,-0.18904072,-0.0009625547,0.017416267
1735187289.620054,-0.18905301,-0.0008504985,0.017527066
